INVOICE_ID,INVOICE_DATE,CLIENT_ID,CLIENT_TYPE,TOTAL_HT,MONTANT_TVA,AMOUNT_TTC,RAS_5P,RAS_TVA,AMOUNT_TO_PAY,PU,QUANTITY,ELECTRONIC_DATE,PHYSICAL_DATE,EXPECTED_PAYMENT_DATE,LABEL,PO,INVOICE_YEAR,STATUS,PAYMENT_DATE,INVOICE_NUMBER
7544,2025-02-23,41,PRIVE,3758.25,751.65,4509.9,0.0,0.0,4509.9,250.55,15,2025-02-25,2025-02-25,2025-04-14,Formation technique,PO-07499-LG,2025,PAID,2025-04-15,FAC-2025-16503
7545,2025-03-06,8,PUBLIC,17441.05,3488.21,20929.26,872.05,2616.16,17441.05,1585.55,11,2025-03-06,2025-03-07,2025-05-27,Consulting IT,PO-23491-we,2025,PAID,2025-05-23,FAC-2025-66947
7549,2025-04-11,91,PRIVE,7922.4,1584.48,9506.88,0.0,0.0,9506.88,1320.4,6,2025-04-11,2025-04-13,2025-07-03,Maintenance SaaS,PO-25945-xK,2025,PAID,2025-06-21,FAC-2025-13793
7554,2023-10-04,52,PUBLIC,8556.42,1711.28,10267.7,427.82,1283.46,8556.42,1426.07,6,2023-10-06,2023-10-09,2023-11-06,Consulting IT,PO-33801-lf,2023,PAID,2023-11-16,FAC-2023-54058
7560,2024-10-02,14,PRIVE,20095.35,4019.07,24114.42,0.0,0.0,24114.42,1826.85,11,2024-10-04,2024-10-04,2024-11-07,Consulting IT,PO-61379-eZ,2024,PAID,2024-10-29,FAC-2024-42510
7565,2024-07-28,54,PRIVE,12273.9,2454.78,14728.68,0.0,0.0,14728.68,1227.39,10,2024-07-30,,2024-10-09,Licence logicielle,PO-56017-RT,2024,PAID,2024-10-15,FAC-2024-19613
7567,2025-05-04,47,PRIVE,1201.29,240.26,1441.55,0.0,0.0,1441.55,1201.29,1,2025-05-04,2025-05-08,2025-06-03,Licence logicielle,PO-38252-Ke,2025,PAID,2025-05-20,FAC-2025-24919
7568,2024-10-05,43,PRIVE,2400.02,480.0,2880.02,0.0,0.0,2880.02,342.86,7,2024-10-06,2024-10-06,2024-12-11,Maintenance SaaS,PO-22497-io,2024,PAID,2024-12-04,FAC-2024-20375
7572,2025-07-19,74,PUBLIC,20540.25,4108.05,24648.3,1027.01,3081.04,20540.25,1369.35,15,2025-07-21,,2025-09-16,Formation technique,PO-11007-Ha,2025,PAID,2025-09-21,FAC-2025-88666
7573,2024-01-29,42,PUBLIC,19340.4,3868.08,23208.48,967.02,2901.06,19340.4,1289.36,15,2024-01-31,2024-01-30,2024-03-28,Développement logiciel,PO-05884-jz,2024,PAID,2024-03-19,FAC-2024-28105
7576,2024-05-01,12,PRIVE,97.8,19.56,117.36,0.0,0.0,117.36,97.8,1,2024-05-01,2024-05-03,2024-06-22,Maintenance SaaS,PO-62467-vV,2024,PAID,2024-06-19,FAC-2024-69911
7577,2024-02-29,23,PRIVE,38362.6,7672.52,46035.12,0.0,0.0,46035.12,1918.13,20,2024-03-01,2024-03-02,2024-05-07,Consulting IT,PO-25312-SS,2024,PAID,2024-05-02,FAC-2024-43779
7578,2025-07-09,42,PUBLIC,925.7,185.14,1110.84,46.29,138.86,925.69,92.57,10,2025-07-11,,2025-08-31,Maintenance SaaS,PO-22302-TO,2025,PAID,2025-08-22,FAC-2025-85700
7579,2024-12-03,33,PRIVE,27706.43,5541.29,33247.72,0.0,0.0,33247.72,1629.79,17,2024-12-03,2024-12-07,2025-01-07,Développement logiciel,PO-85658-fb,2024,PAID,2024-12-28,FAC-2024-45965
7582,2025-02-22,90,PRIVE,15824.91,3164.98,18989.89,0.0,0.0,18989.89,832.89,19,2025-02-23,2025-02-26,2025-03-27,Consulting IT,PO-59371-aa,2025,PAID,2025-03-17,FAC-2025-79160
7585,2023-11-06,24,PUBLIC,4693.44,938.69,5632.13,234.67,704.02,4693.44,1564.48,3,2023-11-08,2023-11-10,2024-01-03,Maintenance SaaS,PO-50295-Df,2023,PAID,2023-12-26,FAC-2023-11828
7589,2025-03-21,40,PRIVE,2227.95,445.59,2673.54,0.0,0.0,2673.54,247.55,9,2025-03-23,,2025-06-07,Formation technique,PO-98936-zj,2025,PAID,2025-06-05,FAC-2025-69203
7590,2024-11-04,16,PRIVE,26287.26,5257.45,31544.71,0.0,0.0,31544.71,1383.54,19,2024-11-05,2024-11-05,2024-12-08,Développement logiciel,PO-31050-iP,2024,PAID,2024-11-23,FAC-2024-07719
7592,2024-08-20,1,PRIVE,12679.45,2535.89,15215.34,0.0,0.0,15215.34,1811.35,7,2024-08-22,,2024-11-04,Consulting IT,PO-26811-Fw,2024,PAID,2024-10-23,FAC-2024-56997
7593,2023-12-19,45,PRIVE,8992.8,1798.56,10791.36,0.0,0.0,10791.36,1798.56,5,2023-12-21,,2024-02-02,Maintenance SaaS,PO-74561-ii,2023,PAID,2024-01-31,FAC-2023-69380
7595,2024-02-21,14,PRIVE,26876.16,5375.23,32251.39,0.0,0.0,32251.39,1679.76,16,2024-02-23,,2024-03-27,Formation technique,PO-10815-aF,2024,PAID,2024-03-18,FAC-2024-55468
7597,2023-08-10,58,PRIVE,4818.12,963.62,5781.74,0.0,0.0,5781.74,803.02,6,2023-08-11,2023-08-15,2023-10-16,Formation technique,PO-32459-Dd,2023,PAID,2023-10-21,FAC-2023-15291
7598,2024-11-24,82,PUBLIC,23852.52,4770.5,28623.02,1192.63,3577.88,23852.51,1987.71,12,2024-11-26,2024-11-27,2025-02-01,Maintenance SaaS,PO-54766-Ob,2024,PAID,2025-02-08,FAC-2024-24036
7601,2024-02-25,23,PRIVE,38658.0,7731.6,46389.6,0.0,0.0,46389.6,1932.9,20,2024-02-27,2024-02-27,2024-03-27,Hébergement cloud,PO-98577-DT,2024,PAID,2024-03-13,FAC-2024-74771
7603,2024-12-16,9,PUBLIC,7060.5,1412.1,8472.6,353.03,1059.08,7060.49,784.5,9,2024-12-16,,2025-02-01,Développement logiciel,PO-60440-iq,2024,PAID,2025-01-29,FAC-2024-04077
7605,2023-11-11,12,PRIVE,8114.35,1622.87,9737.22,0.0,0.0,9737.22,1622.87,5,2023-11-13,2023-11-16,2023-12-11,Maintenance SaaS,PO-57412-vq,2023,PAID,2023-12-12,FAC-2023-71933
7606,2024-11-02,47,PRIVE,9692.46,1938.49,11630.95,0.0,0.0,11630.95,1615.41,6,2024-11-04,2024-11-03,2024-12-07,Licence logicielle,PO-25557-RW,2024,PAID,2024-12-11,FAC-2024-39244
7608,2023-11-02,20,PRIVE,364.8,72.96,437.76,0.0,0.0,437.76,60.8,6,2023-11-04,2023-11-04,2023-12-06,Licence logicielle,PO-76941-EV,2023,PAID,2023-12-16,FAC-2023-52954
7609,2024-05-22,97,PRIVE,1180.53,236.11,1416.64,0.0,0.0,1416.64,1180.53,1,2024-05-22,2024-05-26,2024-07-31,Licence logicielle,PO-11569-GX,2024,PAID,2024-08-12,FAC-2024-99050
7612,2025-01-27,97,PRIVE,719.91,143.98,863.89,0.0,0.0,863.89,239.97,3,2025-01-27,2025-02-01,2025-03-28,Développement logiciel,PO-16878-Dz,2025,PAID,2025-03-15,FAC-2025-55870
7614,2023-11-28,89,PUBLIC,2191.41,438.28,2629.69,109.57,328.71,2191.41,168.57,13,2023-11-30,2023-11-29,2024-02-06,Formation technique,PO-46594-JT,2023,PAID,2024-02-01,FAC-2023-20386
7616,2025-06-28,12,PRIVE,10931.22,2186.24,13117.46,0.0,0.0,13117.46,607.29,18,2025-06-30,2025-07-03,2025-08-13,Licence logicielle,PO-42449-tH,2025,PAID,2025-08-07,FAC-2025-60625
7618,2024-10-29,38,PRIVE,4569.51,913.9,5483.41,0.0,0.0,5483.41,1523.17,3,2024-10-30,2024-10-30,2025-01-18,Hébergement cloud,PO-29343-sF,2024,PAID,2025-01-25,FAC-2024-53228
7619,2024-11-08,36,PUBLIC,2648.6,529.72,3178.32,132.43,397.29,2648.6,132.43,20,2024-11-09,2024-11-10,2025-01-16,Développement logiciel,PO-83256-AO,2024,PAID,2025-01-26,FAC-2024-42188
7625,2024-12-09,55,PUBLIC,25012.8,5002.56,30015.36,1250.64,3751.92,25012.8,1667.52,15,2024-12-10,2024-12-14,2025-03-07,Développement logiciel,PO-30476-rj,2024,PAID,2025-02-25,FAC-2024-11953
7626,2025-01-24,10,PRIVE,3706.72,741.34,4448.06,0.0,0.0,4448.06,926.68,4,2025-01-26,2025-01-25,2025-04-15,Licence logicielle,PO-33556-Vw,2025,PAID,2025-04-28,FAC-2025-55628
7628,2024-09-23,16,PRIVE,3111.03,622.21,3733.24,0.0,0.0,3733.24,239.31,13,2024-09-25,2024-09-27,2024-11-28,Formation technique,PO-35169-et,2024,PAID,2024-12-11,FAC-2024-31675
7629,2025-05-29,8,PUBLIC,2087.09,417.42,2504.51,104.35,313.06,2087.1,122.77,17,2025-05-31,2025-05-30,2025-07-11,Hébergement cloud,PO-33697-yQ,2025,PAID,2025-07-11,FAC-2025-18292
7634,2025-07-05,53,PUBLIC,8874.9,1774.98,10649.88,443.75,1331.24,8874.89,1479.15,6,2025-07-05,2025-07-10,2025-09-11,Hébergement cloud,PO-08432-op,2025,PAID,2025-09-20,FAC-2025-19454
7635,2023-11-19,40,PRIVE,7723.9,1544.78,9268.68,0.0,0.0,9268.68,1544.78,5,2023-11-19,2023-11-22,2024-01-21,Licence logicielle,PO-57356-jW,2023,PAID,2024-01-28,FAC-2023-43563
7636,2024-02-20,98,PUBLIC,27349.17,5469.83,32819.0,1367.46,4102.38,27349.16,1439.43,19,2024-02-20,2024-02-22,2024-04-29,Formation technique,PO-99035-Ud,2024,PAID,2024-04-20,FAC-2024-93810
7637,2023-08-30,51,PUBLIC,10211.28,2042.26,12253.54,510.56,1531.69,10211.29,1701.88,6,2023-08-31,2023-09-04,2023-11-10,Développement logiciel,PO-70112-DG,2023,PAID,2023-11-16,FAC-2023-82141
7639,2023-11-23,29,PUBLIC,5039.37,1007.87,6047.24,251.97,755.91,5039.36,719.91,7,2023-11-25,2023-11-26,2024-01-06,Consulting IT,PO-07711-dz,2023,PAID,2024-01-04,FAC-2023-63103
7641,2025-01-11,95,PUBLIC,15709.2,3141.84,18851.04,785.46,2356.38,15709.2,826.8,19,2025-01-12,2025-01-14,2025-02-20,Maintenance SaaS,PO-05271-gD,2025,PAID,2025-02-17,FAC-2025-82709
7642,2023-08-01,57,PUBLIC,34454.8,6890.96,41345.76,1722.74,5168.22,34454.8,1722.74,20,2023-08-01,2023-08-05,2023-09-22,Hébergement cloud,PO-60925-cJ,2023,PAID,2023-09-21,FAC-2023-36084
7646,2025-05-24,2,PRIVE,5477.3,1095.46,6572.76,0.0,0.0,6572.76,1095.46,5,2025-05-24,2025-05-27,2025-08-06,Licence logicielle,PO-56857-BQ,2025,PAID,2025-07-25,FAC-2025-40702
7648,2024-07-25,27,PRIVE,1322.71,264.54,1587.25,0.0,0.0,1587.25,1322.71,1,2024-07-26,,2024-09-12,Formation technique,PO-82026-FZ,2024,PAID,2024-09-16,FAC-2024-36742
7649,2024-12-11,40,PRIVE,11884.12,2376.82,14260.94,0.0,0.0,14260.94,625.48,19,2024-12-12,,2025-02-14,Licence logicielle,PO-52482-mz,2024,PAID,2025-01-30,FAC-2024-97978
7651,2025-03-28,16,PRIVE,15949.31,3189.86,19139.17,0.0,0.0,19139.17,1226.87,13,2025-03-30,2025-04-02,2025-05-22,Développement logiciel,PO-50958-KL,2025,PAID,2025-05-26,FAC-2025-26543
7654,2024-07-28,33,PRIVE,17793.73,3558.75,21352.48,0.0,0.0,21352.48,1046.69,17,2024-07-30,2024-07-30,2024-09-03,Licence logicielle,PO-34847-af,2024,PAID,2024-09-04,FAC-2024-38275
7655,2024-03-16,30,PRIVE,24149.58,4829.92,28979.5,0.0,0.0,28979.5,1724.97,14,2024-03-16,2024-03-21,2024-05-20,Consulting IT,PO-09478-VN,2024,PAID,2024-05-10,FAC-2024-44483
7662,2025-03-21,80,PUBLIC,21124.18,4224.84,25349.02,1056.21,3168.63,21124.18,1508.87,14,2025-03-23,2025-03-23,2025-05-24,Maintenance SaaS,PO-34923-uZ,2025,PAID,2025-05-31,FAC-2025-21019
7664,2025-01-01,66,PRIVE,207.5,41.5,249.0,0.0,0.0,249.0,207.5,1,2025-01-02,,2025-01-31,Maintenance SaaS,PO-93756-Mw,2025,PAID,2025-01-27,FAC-2025-77006
7671,2023-11-14,9,PUBLIC,7947.8,1589.56,9537.36,397.39,1192.17,7947.8,1135.4,7,2023-11-14,,2024-01-21,Consulting IT,PO-29270-Gc,2023,PAID,2024-01-13,FAC-2023-40874
7673,2025-06-01,40,PRIVE,11239.14,2247.83,13486.97,0.0,0.0,13486.97,1873.19,6,2025-06-01,2025-06-04,2025-07-06,Licence logicielle,PO-23230-jJ,2025,PAID,2025-07-14,FAC-2025-35950
7675,2023-12-13,89,PUBLIC,28072.6,5614.52,33687.12,1403.63,4210.89,28072.6,1403.63,20,2023-12-14,2023-12-17,2024-02-03,Consulting IT,PO-61111-Hf,2023,PAID,2024-02-15,FAC-2023-07920
7677,2025-03-08,25,PUBLIC,6508.16,1301.63,7809.79,325.41,976.22,6508.16,813.52,8,2025-03-09,2025-03-13,2025-05-27,Formation technique,PO-26453-bs,2025,PAID,2025-05-25,FAC-2025-96239
7679,2025-03-10,47,PRIVE,14018.67,2803.73,16822.4,0.0,0.0,16822.4,1557.63,9,2025-03-11,2025-03-11,2025-05-06,Consulting IT,PO-53427-NP,2025,PAID,2025-05-03,FAC-2025-81940
7683,2024-07-31,26,PUBLIC,1566.3,313.26,1879.56,78.31,234.94,1566.31,104.42,15,2024-08-01,2024-08-02,2024-08-30,Licence logicielle,PO-41883-yy,2024,PAID,2024-08-21,FAC-2024-90069
7685,2024-12-15,2,PRIVE,7524.3,1504.86,9029.16,0.0,0.0,9029.16,1504.86,5,2024-12-16,2024-12-17,2025-02-18,Formation technique,PO-82315-yn,2024,PAID,2025-03-04,FAC-2024-90611
7689,2025-02-01,66,PRIVE,11060.4,2212.08,13272.48,0.0,0.0,13272.48,1843.4,6,2025-02-03,2025-02-02,2025-03-25,Développement logiciel,PO-53179-Ss,2025,PAID,2025-03-10,FAC-2025-64883
7691,2025-03-03,68,PUBLIC,8108.94,1621.79,9730.73,405.45,1216.34,8108.94,579.21,14,2025-03-05,2025-03-08,2025-05-27,Hébergement cloud,PO-96678-Yq,2025,PAID,2025-06-01,FAC-2025-58258
7693,2025-02-09,80,PUBLIC,6872.4,1374.48,8246.88,343.62,1030.86,6872.4,859.05,8,2025-02-09,,2025-05-07,Développement logiciel,PO-34817-ZD,2025,PAID,2025-04-30,FAC-2025-85455
7695,2024-12-07,99,PUBLIC,3772.98,754.6,4527.58,188.65,565.95,3772.98,209.61,18,2024-12-08,2024-12-10,2025-02-17,Développement logiciel,PO-10611-NB,2024,PAID,2025-02-20,FAC-2024-22505
7697,2025-06-02,23,PRIVE,23896.6,4779.32,28675.92,0.0,0.0,28675.92,1706.9,14,2025-06-02,,2025-07-22,Licence logicielle,PO-54495-jv,2025,PAID,2025-07-13,FAC-2025-36266
7700,2023-11-24,17,PRIVE,11884.11,2376.82,14260.93,0.0,0.0,14260.93,1697.73,7,2023-11-26,,2024-02-03,Consulting IT,PO-35249-QP,2023,PAID,2024-02-12,FAC-2023-84694
7703,2025-03-05,70,PUBLIC,474.78,94.96,569.74,23.74,71.22,474.78,237.39,2,2025-03-05,2025-03-07,2025-05-15,Formation technique,PO-78684-oN,2025,PAID,2025-05-09,FAC-2025-04408
7707,2023-09-08,35,PUBLIC,14768.39,2953.68,17722.07,738.42,2215.26,14768.39,1136.03,13,2023-09-08,,2023-11-24,Consulting IT,PO-87163-Cl,2023,PAID,2023-12-08,FAC-2023-23367
7710,2025-07-23,71,PRIVE,2422.28,484.46,2906.74,0.0,0.0,2906.74,346.04,7,2025-07-23,2025-07-26,2025-09-25,Hébergement cloud,PO-81225-Vs,2025,PAID,2025-09-19,FAC-2025-93684
7711,2025-04-06,7,PUBLIC,961.28,192.26,1153.54,48.06,144.19,961.29,480.64,2,2025-04-06,,2025-06-04,Hébergement cloud,PO-14477-or,2025,PAID,2025-05-25,FAC-2025-30145
7714,2025-01-30,2,PRIVE,4802.46,960.49,5762.95,0.0,0.0,5762.95,1600.82,3,2025-01-31,2025-02-02,2025-04-29,Formation technique,PO-34916-SH,2025,PAID,2025-04-29,FAC-2025-45900
7717,2025-07-19,10,PRIVE,1392.43,278.49,1670.92,0.0,0.0,1670.92,107.11,13,2025-07-20,2025-07-23,2025-10-03,Développement logiciel,PO-09685-xl,2025,PAID,2025-09-22,FAC-2025-84386
7718,2024-11-14,87,PRIVE,10959.8,2191.96,13151.76,0.0,0.0,13151.76,1095.98,10,2024-11-14,2024-11-18,2025-01-28,Développement logiciel,PO-38357-iJ,2024,PAID,2025-02-05,FAC-2024-96955
7723,2024-10-27,86,PRIVE,12434.28,2486.86,14921.14,0.0,0.0,14921.14,1036.19,12,2024-10-27,2024-10-30,2025-01-16,Consulting IT,PO-02107-QO,2024,PAID,2025-01-27,FAC-2024-50260
7724,2024-06-09,35,PUBLIC,14035.5,2807.1,16842.6,701.78,2105.33,14035.49,935.7,15,2024-06-09,,2024-08-21,Consulting IT,PO-73102-Ok,2024,PAID,2024-08-14,FAC-2024-87689
7726,2024-10-04,82,PUBLIC,21728.0,4345.6,26073.6,1086.4,3259.2,21728.0,1552.0,14,2024-10-06,2024-10-08,2025-01-01,Développement logiciel,PO-77738-vU,2024,PAID,2024-12-24,FAC-2024-41619
7730,2023-08-22,99,PUBLIC,3336.16,667.23,4003.39,166.81,500.42,3336.16,208.51,16,2023-08-24,,2023-09-23,Formation technique,PO-18099-aM,2023,PAID,2023-10-06,FAC-2023-51842
7734,2024-03-13,96,PRIVE,1452.9,290.58,1743.48,0.0,0.0,1743.48,96.86,15,2024-03-15,,2024-05-11,Maintenance SaaS,PO-03177-oF,2024,PAID,2024-04-30,FAC-2024-78394
7736,2023-07-28,2,PRIVE,1860.82,372.16,2232.98,0.0,0.0,2232.98,930.41,2,2023-07-30,,2023-10-09,Hébergement cloud,PO-74585-nj,2023,PAID,2023-10-03,FAC-2023-44749
7739,2024-09-18,88,PRIVE,7188.08,1437.62,8625.7,0.0,0.0,8625.7,1797.02,4,2024-09-19,2024-09-20,2024-12-10,Développement logiciel,PO-23302-RR,2024,PAID,2024-12-01,FAC-2024-81452
7740,2025-01-02,36,PUBLIC,25102.87,5020.57,30123.44,1255.14,3765.43,25102.87,1930.99,13,2025-01-03,2025-01-03,2025-02-23,Maintenance SaaS,PO-93476-Pj,2025,PAID,2025-02-28,FAC-2025-22089
7741,2024-10-30,89,PUBLIC,4230.76,846.15,5076.91,211.54,634.61,4230.76,1057.69,4,2024-11-01,2024-11-03,2025-01-09,Formation technique,PO-46225-Ev,2024,PAID,2025-01-05,FAC-2024-01947
7742,2023-09-17,7,PUBLIC,16406.7,3281.34,19688.04,820.34,2461.01,16406.69,1093.78,15,2023-09-19,,2023-10-21,Formation technique,PO-56155-Qc,2023,PAID,2023-10-20,FAC-2023-82038
7743,2024-11-16,22,PUBLIC,21788.22,4357.64,26145.86,1089.41,3268.23,21788.22,1281.66,17,2024-11-17,,2025-01-03,Formation technique,PO-85644-Da,2024,PAID,2025-01-08,FAC-2024-57784
7750,2025-01-24,69,PRIVE,7379.94,1475.99,8855.93,0.0,0.0,8855.93,1229.99,6,2025-01-24,,2025-03-03,Développement logiciel,PO-09335-MS,2025,PAID,2025-03-03,FAC-2025-97208
7751,2024-05-16,69,PRIVE,8379.9,1675.98,10055.88,0.0,0.0,10055.88,1675.98,5,2024-05-18,2024-05-17,2024-07-06,Maintenance SaaS,PO-89448-ub,2024,PAID,2024-07-06,FAC-2024-12938
7754,2025-06-19,33,PRIVE,33621.2,6724.24,40345.44,0.0,0.0,40345.44,1681.06,20,2025-06-19,2025-06-21,2025-09-10,Formation technique,PO-63393-WY,2025,PAID,2025-09-04,FAC-2025-28489
7757,2024-10-21,20,PRIVE,6009.99,1202.0,7211.99,0.0,0.0,7211.99,858.57,7,2024-10-21,,2024-12-18,Consulting IT,PO-40062-Ly,2024,PAID,2024-12-29,FAC-2024-22683
7759,2025-05-05,72,PUBLIC,14485.8,2897.16,17382.96,724.29,2172.87,14485.8,965.72,15,2025-05-07,2025-05-08,2025-07-20,Consulting IT,PO-57018-cF,2025,PAID,2025-07-19,FAC-2025-01534
7761,2024-08-02,42,PUBLIC,4254.03,850.81,5104.84,212.7,638.1,4254.04,386.73,11,2024-08-03,,2024-10-09,Maintenance SaaS,PO-51933-Vq,2024,PAID,2024-10-21,FAC-2024-67422
7765,2024-04-23,17,PRIVE,23499.95,4699.99,28199.94,0.0,0.0,28199.94,1382.35,17,2024-04-24,2024-04-26,2024-06-19,Consulting IT,PO-41386-pS,2024,PAID,2024-06-20,FAC-2024-12635
7766,2024-04-09,49,PRIVE,13451.2,2690.24,16141.44,0.0,0.0,16141.44,672.56,20,2024-04-11,,2024-06-15,Développement logiciel,PO-42952-CE,2024,PAID,2024-06-05,FAC-2024-90993
7767,2023-10-13,75,PRIVE,18866.8,3773.36,22640.16,0.0,0.0,22640.16,943.34,20,2023-10-14,2023-10-16,2023-12-23,Maintenance SaaS,PO-59464-Ce,2023,PAID,2023-12-19,FAC-2023-73181
7769,2024-01-13,85,PRIVE,4275.84,855.17,5131.01,0.0,0.0,5131.01,356.32,12,2024-01-13,2024-01-14,2024-03-01,Développement logiciel,PO-57235-KV,2024,PAID,2024-03-10,FAC-2024-92785
7772,2024-02-06,39,PUBLIC,2765.28,553.06,3318.34,138.26,414.79,2765.29,691.32,4,2024-02-08,2024-02-11,2024-04-23,Formation technique,PO-29318-Xr,2024,PAID,2024-05-04,FAC-2024-53504
7778,2025-06-19,73,PRIVE,4156.39,831.28,4987.67,0.0,0.0,4987.67,593.77,7,2025-06-19,2025-06-20,2025-08-16,Consulting IT,PO-97546-BX,2025,PAID,2025-08-01,FAC-2025-10937
7780,2025-01-28,89,PUBLIC,20531.04,4106.21,24637.25,1026.55,3079.66,20531.04,1283.19,16,2025-01-29,2025-02-02,2025-03-08,Hébergement cloud,PO-61952-QY,2025,PAID,2025-03-21,FAC-2025-32751
7783,2024-02-25,63,PUBLIC,13159.44,2631.89,15791.33,657.97,1973.92,13159.44,939.96,14,2024-02-26,2024-02-28,2024-05-05,Hébergement cloud,PO-54468-Lp,2024,PAID,2024-04-26,FAC-2024-16426
7786,2024-08-21,96,PRIVE,1080.87,216.17,1297.04,0.0,0.0,1297.04,1080.87,1,2024-08-23,2024-08-23,2024-09-26,Hébergement cloud,PO-01389-ty,2024,PAID,2024-09-28,FAC-2024-84950
7787,2024-09-23,69,PRIVE,4607.34,921.47,5528.81,0.0,0.0,5528.81,1535.78,3,2024-09-23,2024-09-24,2024-12-06,Développement logiciel,PO-07876-Wj,2024,PAID,2024-12-08,FAC-2024-12993
7793,2025-05-19,85,PRIVE,2773.71,554.74,3328.45,0.0,0.0,3328.45,924.57,3,2025-05-21,2025-05-20,2025-08-04,Développement logiciel,PO-58657-Te,2025,PAID,2025-08-14,FAC-2025-76782
7795,2023-12-09,76,PUBLIC,9772.68,1954.54,11727.22,488.63,1465.9,9772.69,1628.78,6,2023-12-09,2023-12-13,2024-02-02,Licence logicielle,PO-45784-ux,2023,PAID,2024-02-05,FAC-2023-21518
7796,2023-10-03,59,PUBLIC,12304.46,2460.89,14765.35,615.22,1845.67,12304.46,1757.78,7,2023-10-04,,2023-12-25,Hébergement cloud,PO-33790-go,2023,PAID,2023-12-29,FAC-2023-46373
7803,2024-03-20,34,PUBLIC,20221.74,4044.35,24266.09,1011.09,3033.26,20221.74,1123.43,18,2024-03-20,,2024-05-17,Formation technique,PO-75377-NB,2024,PAID,2024-05-22,FAC-2024-82820
7804,2024-05-07,76,PUBLIC,13656.6,2731.32,16387.92,682.83,2048.49,13656.6,1365.66,10,2024-05-09,2024-05-09,2024-06-26,Consulting IT,PO-23290-jr,2024,PAID,2024-06-25,FAC-2024-65216
7805,2024-07-13,43,PRIVE,13008.06,2601.61,15609.67,0.0,0.0,15609.67,765.18,17,2024-07-15,2024-07-17,2024-08-17,Licence logicielle,PO-06830-FJ,2024,PAID,2024-08-27,FAC-2024-23675
7816,2024-08-31,80,PUBLIC,7096.56,1419.31,8515.87,354.83,1064.48,7096.56,1182.76,6,2024-09-01,2024-09-02,2024-10-18,Licence logicielle,PO-14443-kd,2024,PAID,2024-10-14,FAC-2024-13860
7825,2024-01-15,10,PRIVE,12179.42,2435.88,14615.3,0.0,0.0,14615.3,1107.22,11,2024-01-17,2024-01-16,2024-03-01,Hébergement cloud,PO-68853-Lp,2024,PAID,2024-03-07,FAC-2024-45100
7828,2023-10-09,27,PRIVE,27633.4,5526.68,33160.08,0.0,0.0,33160.08,1381.67,20,2023-10-09,2023-10-11,2023-11-10,Développement logiciel,PO-36266-Ge,2023,PAID,2023-11-25,FAC-2023-45720
7829,2025-02-08,56,PRIVE,4096.56,819.31,4915.87,0.0,0.0,4915.87,315.12,13,2025-02-08,2025-02-09,2025-04-18,Maintenance SaaS,PO-27333-OH,2025,PAID,2025-04-23,FAC-2025-27773
7832,2025-06-21,67,PRIVE,2244.54,448.91,2693.45,0.0,0.0,2693.45,748.18,3,2025-06-21,2025-06-22,2025-09-17,Licence logicielle,PO-08830-kt,2025,PAID,2025-09-12,FAC-2025-44701
7839,2024-01-01,53,PUBLIC,14219.04,2843.81,17062.85,710.95,2132.86,14219.04,1184.92,12,2024-01-02,,2024-03-19,Développement logiciel,PO-25314-Ex,2024,PAID,2024-03-21,FAC-2024-84056
7841,2025-06-25,33,PRIVE,4298.67,859.73,5158.4,0.0,0.0,5158.4,477.63,9,2025-06-25,2025-06-28,2025-09-04,Maintenance SaaS,PO-60799-bU,2025,PAID,2025-09-19,FAC-2025-56754
7842,2024-01-18,30,PRIVE,23101.4,4620.28,27721.68,0.0,0.0,27721.68,1155.07,20,2024-01-18,2024-01-22,2024-03-21,Licence logicielle,PO-45168-pM,2024,PAID,2024-03-08,FAC-2024-44433
7843,2025-04-10,72,PUBLIC,9574.02,1914.8,11488.82,478.7,1436.1,9574.02,1063.78,9,2025-04-12,2025-04-13,2025-05-19,Hébergement cloud,PO-80673-QN,2025,PAID,2025-05-23,FAC-2025-65946
7848,2023-07-29,95,PUBLIC,17267.6,3453.52,20721.12,863.38,2590.14,17267.6,1726.76,10,2023-07-30,2023-08-02,2023-09-29,Hébergement cloud,PO-76516-qS,2023,PAID,2023-10-11,FAC-2023-94702
7849,2024-10-16,64,PUBLIC,19065.84,3813.17,22879.01,953.29,2859.88,19065.84,1588.82,12,2024-10-18,,2024-12-28,Développement logiciel,PO-82664-oc,2024,PAID,2024-12-21,FAC-2024-43350
7851,2023-08-24,73,PRIVE,2907.68,581.54,3489.22,0.0,0.0,3489.22,363.46,8,2023-08-24,,2023-10-25,Développement logiciel,PO-11647-nm,2023,PAID,2023-11-04,FAC-2023-06525
7857,2025-02-12,20,PRIVE,15739.44,3147.89,18887.33,0.0,0.0,18887.33,1967.43,8,2025-02-14,2025-02-13,2025-05-09,Consulting IT,PO-75531-tj,2025,PAID,2025-04-26,FAC-2025-94252
7858,2024-04-03,36,PUBLIC,13253.46,2650.69,15904.15,662.67,1988.02,13253.46,1204.86,11,2024-04-04,2024-04-04,2024-06-24,Licence logicielle,PO-00397-bn,2024,PAID,2024-06-15,FAC-2024-88302
7860,2023-09-06,83,PRIVE,4905.6,981.12,5886.72,0.0,0.0,5886.72,817.6,6,2023-09-06,2023-09-07,2023-10-10,Licence logicielle,PO-36691-Ll,2023,PAID,2023-10-04,FAC-2023-55316
7861,2025-01-31,53,PUBLIC,2272.8,454.56,2727.36,113.64,340.92,2272.8,757.6,3,2025-02-01,,2025-04-22,Formation technique,PO-96084-Og,2025,PAID,2025-04-07,FAC-2025-02736
7862,2025-01-24,59,PUBLIC,18191.6,3638.32,21829.92,909.58,2728.74,18191.6,1299.4,14,2025-01-25,2025-01-27,2025-04-15,Hébergement cloud,PO-06942-Ky,2025,PAID,2025-04-29,FAC-2025-94486
7864,2023-11-16,36,PUBLIC,16103.64,3220.73,19324.37,805.18,2415.55,16103.64,1150.26,14,2023-11-16,,2024-01-19,Consulting IT,PO-81503-kr,2023,PAID,2024-01-21,FAC-2023-82262
7867,2025-01-26,2,PRIVE,7334.88,1466.98,8801.86,0.0,0.0,8801.86,1222.48,6,2025-01-27,2025-01-27,2025-03-25,Maintenance SaaS,PO-63546-CZ,2025,PAID,2025-03-15,FAC-2025-53095
7868,2025-01-02,7,PUBLIC,5542.65,1108.53,6651.18,277.13,831.4,5542.65,615.85,9,2025-01-02,,2025-03-23,Consulting IT,PO-62307-mF,2025,PAID,2025-03-11,FAC-2025-66867
7875,2025-02-12,5,PRIVE,3073.5,614.7,3688.2,0.0,0.0,3688.2,204.9,15,2025-02-12,2025-02-15,2025-04-12,Consulting IT,PO-84298-qh,2025,PAID,2025-04-19,FAC-2025-99576
7876,2023-12-01,78,PUBLIC,31066.31,6213.26,37279.57,1553.32,4659.95,31066.3,1827.43,17,2023-12-03,2023-12-03,2024-01-08,Consulting IT,PO-24142-dP,2023,PAID,2023-12-31,FAC-2023-02091
7877,2025-03-31,33,PRIVE,9219.44,1843.89,11063.33,0.0,0.0,11063.33,542.32,17,2025-04-01,2025-04-02,2025-05-02,Licence logicielle,PO-69776-mE,2025,PAID,2025-05-05,FAC-2025-62015
7878,2024-02-28,86,PRIVE,6220.83,1244.17,7465.0,0.0,0.0,7465.0,565.53,11,2024-02-28,2024-03-02,2024-05-11,Consulting IT,PO-97487-IB,2024,PAID,2024-05-16,FAC-2024-52275
7883,2025-02-25,80,PUBLIC,1203.7,240.74,1444.44,60.19,180.56,1203.69,601.85,2,2025-02-26,2025-03-01,2025-04-01,Consulting IT,PO-26634-cM,2025,PAID,2025-03-21,FAC-2025-80815
7887,2023-09-02,55,PUBLIC,18415.6,3683.12,22098.72,920.78,2762.34,18415.6,1315.4,14,2023-09-04,2023-09-06,2023-11-01,Hébergement cloud,PO-32836-Om,2023,PAID,2023-10-18,FAC-2023-80197
7888,2025-01-27,62,PRIVE,17785.35,3557.07,21342.42,0.0,0.0,21342.42,1185.69,15,2025-01-28,2025-01-29,2025-03-18,Hébergement cloud,PO-21255-Vf,2025,PAID,2025-03-15,FAC-2025-88636
7889,2025-01-13,28,PRIVE,477.77,95.55,573.32,0.0,0.0,573.32,477.77,1,2025-01-13,2025-01-17,2025-02-28,Hébergement cloud,PO-17139-vH,2025,PAID,2025-03-09,FAC-2025-97599
7893,2024-05-19,73,PRIVE,6636.14,1327.23,7963.37,0.0,0.0,7963.37,474.01,14,2024-05-19,2024-05-23,2024-08-02,Hébergement cloud,PO-18579-gE,2024,PAID,2024-07-19,FAC-2024-29857
7894,2023-08-20,35,PUBLIC,15247.4,3049.48,18296.88,762.37,2287.11,15247.4,1089.1,14,2023-08-21,2023-08-23,2023-11-15,Consulting IT,PO-66951-Hr,2023,PAID,2023-11-27,FAC-2023-08253
7897,2024-06-20,63,PUBLIC,2851.53,570.31,3421.84,142.58,427.73,2851.53,950.51,3,2024-06-20,2024-06-25,2024-07-21,Maintenance SaaS,PO-23622-rE,2024,PAID,2024-08-01,FAC-2024-08758
7908,2023-11-16,9,PUBLIC,5546.48,1109.3,6655.78,277.32,831.97,5546.49,291.92,19,2023-11-16,,2024-02-09,Formation technique,PO-83683-PR,2023,PAID,2024-02-15,FAC-2023-11973
7909,2025-06-07,56,PRIVE,12404.52,2480.9,14885.42,0.0,0.0,14885.42,1033.71,12,2025-06-07,2025-06-08,2025-08-26,Hébergement cloud,PO-85328-wW,2025,PAID,2025-09-10,FAC-2025-10727
7912,2024-07-14,24,PUBLIC,8752.52,1750.5,10503.02,437.63,1312.88,8752.51,1250.36,7,2024-07-15,2024-07-16,2024-08-14,Maintenance SaaS,PO-91896-tN,2024,PAID,2024-08-24,FAC-2024-81789
7920,2024-02-10,46,PUBLIC,28609.2,5721.84,34331.04,1430.46,4291.38,28609.2,1589.4,18,2024-02-12,,2024-04-18,Développement logiciel,PO-74355-AJ,2024,PAID,2024-04-28,FAC-2024-20823
7922,2023-11-05,85,PRIVE,1736.64,347.33,2083.97,0.0,0.0,2083.97,144.72,12,2023-11-07,2023-11-06,2023-12-18,Consulting IT,PO-11686-sq,2023,PAID,2023-12-25,FAC-2023-15367
7923,2025-05-01,76,PUBLIC,25395.8,5079.16,30474.96,1269.79,3809.37,25395.8,1269.79,20,2025-05-03,2025-05-03,2025-07-03,Hébergement cloud,PO-85284-uX,2025,PAID,2025-06-22,FAC-2025-17109
7925,2025-01-16,100,PRIVE,5654.39,1130.88,6785.27,0.0,0.0,6785.27,807.77,7,2025-01-18,,2025-02-26,Licence logicielle,PO-68813-AE,2025,PAID,2025-02-16,FAC-2025-58409
7927,2025-06-11,73,PRIVE,16142.4,3228.48,19370.88,0.0,0.0,19370.88,1614.24,10,2025-06-11,,2025-07-29,Licence logicielle,PO-90819-nz,2025,PAID,2025-08-07,FAC-2025-96977
7938,2024-07-05,43,PRIVE,3475.4,695.08,4170.48,0.0,0.0,4170.48,1737.7,2,2024-07-07,2024-07-10,2024-08-27,Licence logicielle,PO-75743-DC,2024,PAID,2024-08-13,FAC-2024-90836
7945,2024-02-27,9,PUBLIC,10579.24,2115.85,12695.09,528.96,1586.89,10579.24,1511.32,7,2024-02-29,2024-03-01,2024-05-06,Formation technique,PO-45468-TK,2024,PAID,2024-05-02,FAC-2024-08983
7946,2023-09-21,3,PRIVE,14975.19,2995.04,17970.23,0.0,0.0,17970.23,1663.91,9,2023-09-22,2023-09-24,2023-11-10,Développement logiciel,PO-21245-oT,2023,PAID,2023-11-08,FAC-2023-51087
7947,2025-04-08,5,PRIVE,2630.52,526.1,3156.62,0.0,0.0,3156.62,292.28,9,2025-04-09,2025-04-09,2025-06-04,Consulting IT,PO-06098-wR,2025,PAID,2025-05-26,FAC-2025-69427
7949,2024-11-05,57,PUBLIC,11771.82,2354.36,14126.18,588.59,1765.77,11771.82,1961.97,6,2024-11-06,,2024-12-10,Licence logicielle,PO-21039-Zx,2024,PAID,2024-11-25,FAC-2024-10131
7950,2023-12-26,76,PUBLIC,2733.66,546.73,3280.39,136.68,410.05,2733.66,455.61,6,2023-12-26,2023-12-30,2024-03-19,Consulting IT,PO-24344-iv,2023,PAID,2024-03-07,FAC-2023-64901
7955,2024-02-18,98,PUBLIC,29721.2,5944.24,35665.44,1486.06,4458.18,29721.2,1486.06,20,2024-02-18,2024-02-19,2024-04-04,Licence logicielle,PO-05312-sk,2024,PAID,2024-04-05,FAC-2024-15074
7957,2025-07-13,67,PRIVE,1992.2,398.44,2390.64,0.0,0.0,2390.64,99.61,20,2025-07-15,2025-07-16,2025-09-14,Développement logiciel,PO-01138-oN,2025,PAID,2025-09-07,FAC-2025-80431
7962,2025-06-23,42,PUBLIC,19001.92,3800.38,22802.3,950.1,2850.29,19001.91,1187.62,16,2025-06-25,2025-06-26,2025-08-14,Hébergement cloud,PO-13765-TO,2025,PAID,2025-08-12,FAC-2025-06980
7972,2024-03-01,48,PRIVE,11807.88,2361.58,14169.46,0.0,0.0,14169.46,1686.84,7,2024-03-02,2024-03-05,2024-04-28,Formation technique,PO-96550-CB,2024,PAID,2024-04-24,FAC-2024-28545
7973,2023-09-08,94,PUBLIC,12972.96,2594.59,15567.55,648.65,1945.94,12972.96,720.72,18,2023-09-08,,2023-11-03,Consulting IT,PO-70286-an,2023,PAID,2023-10-23,FAC-2023-61075
7974,2024-11-12,15,PUBLIC,1696.94,339.39,2036.33,84.85,254.54,1696.94,848.47,2,2024-11-14,,2024-12-22,Licence logicielle,PO-21563-HY,2024,PAID,2024-12-08,FAC-2024-20856
7976,2023-09-21,77,PUBLIC,9893.34,1978.67,11872.01,494.67,1484.0,9893.34,549.63,18,2023-09-23,2023-09-26,2023-10-25,Développement logiciel,PO-79491-IJ,2023,PAID,2023-10-31,FAC-2023-26347
7980,2023-10-21,11,PUBLIC,6289.36,1257.87,7547.23,314.47,943.4,6289.36,571.76,11,2023-10-23,2023-10-22,2023-11-29,Formation technique,PO-45491-fR,2023,PAID,2023-12-12,FAC-2023-74900
7981,2023-08-20,62,PRIVE,25220.6,5044.12,30264.72,0.0,0.0,30264.72,1327.4,19,2023-08-21,2023-08-22,2023-09-22,Développement logiciel,PO-78038-WF,2023,PAID,2023-09-27,FAC-2023-87053
7985,2024-09-27,54,PRIVE,2318.75,463.75,2782.5,0.0,0.0,2782.5,331.25,7,2024-09-29,2024-10-01,2024-11-03,Licence logicielle,PO-83182-Bx,2024,PAID,2024-11-09,FAC-2024-11540
7989,2025-03-09,23,PRIVE,6271.51,1254.3,7525.81,0.0,0.0,7525.81,895.93,7,2025-03-09,2025-03-14,2025-05-20,Développement logiciel,PO-32856-eM,2025,PAID,2025-05-28,FAC-2025-77217
7992,2024-11-19,26,PUBLIC,2022.12,404.42,2426.54,101.11,303.32,2022.11,337.02,6,2024-11-19,2024-11-21,2025-01-28,Hébergement cloud,PO-23998-RG,2024,PAID,2025-01-30,FAC-2024-46140
7993,2024-09-19,73,PRIVE,13794.22,2758.84,16553.06,0.0,0.0,16553.06,1254.02,11,2024-09-21,,2024-10-30,Hébergement cloud,PO-36661-ah,2024,PAID,2024-11-05,FAC-2024-31249
7996,2024-09-15,66,PRIVE,11119.46,2223.89,13343.35,0.0,0.0,13343.35,1010.86,11,2024-09-17,2024-09-20,2024-12-13,Formation technique,PO-94659-Kv,2024,PAID,2024-12-27,FAC-2024-32401
